trial,testing,parameters,initial_deadline,final_deadline,net_reward,actions,success
1,False,"{'a': 0.5, 'e': 0.8775825618903728}",25,0,-131.5390591968775,"{0: 18, 1: 3, 2: 1, 3: 0, 4: 3}",1
2,False,"{'a': 0.5, 'e': 0.5403023058681397}",20,0,-28.135141021895272,"{0: 14, 1: 3, 2: 3, 3: 0, 4: 0}",0
3,False,"{'a': 0.5, 'e': 0.0707372016677029}",25,11,1.0226477901836222,"{0: 11, 1: 3, 2: 0, 3: 0, 4: 0}",1
4,False,"{'a': 0.5, 'e': 0.4161468365471424}",30,0,-39.79799277355588,"{0: 23, 1: 5, 2: 1, 3: 0, 4: 1}",0
5,False,"{'a': 0.5, 'e': 0.8011436155469337}",20,7,-2.3160695931471698,"{0: 10, 1: 2, 2: 1, 3: 0, 4: 0}",1
6,False,"{'a': 0.5, 'e': 0.9899924966004454}",35,0,-203.61945366100187,"{0: 17, 1: 7, 2: 8, 3: 1, 4: 2}",0
7,False,"{'a': 0.5, 'e': 0.9364566872907963}",20,0,-77.24638756665323,"{0: 13, 1: 2, 2: 4, 3: 0, 4: 1}",0
8,False,"{'a': 0.5, 'e': 0.6536436208636119}",20,0,-51.044852615138325,"{0: 15, 1: 1, 2: 2, 3: 2, 4: 0}",0
9,False,"{'a': 0.5, 'e': 0.2107957994307797}",20,10,15.758125770762314,"{0: 10, 1: 0, 2: 0, 3: 0, 4: 0}",1
10,False,"{'a': 0.5, 'e': 0.28366218546322625}",25,10,4.528563484991103,"{0: 14, 1: 0, 2: 0, 3: 1, 4: 0}",1
11,False,"{'a': 0.5, 'e': 0.70866977429126}",20,0,-34.984605417084126,"{0: 13, 1: 3, 2: 4, 3: 0, 4: 0}",0
12,False,"{'a': 0.5, 'e': 0.960170286650366}",20,0,-83.88481992605668,"{0: 12, 1: 2, 2: 5, 3: 0, 4: 1}",0
13,False,"{'a': 0.5, 'e': 0.9765876257280235}",25,8,-4.748075093327288,"{0: 14, 1: 0, 2: 3, 3: 0, 4: 0}",1
14,False,"{'a': 0.5, 'e': 0.7539022543433046}",30,18,4.3503071368400015,"{0: 11, 1: 0, 2: 1, 3: 0, 4: 0}",1
15,False,"{'a': 0.5, 'e': 0.3466353178350258}",20,12,5.117657411885067,"{0: 7, 1: 1, 2: 0, 3: 0, 4: 0}",1
16,False,"{'a': 0.5, 'e': 0.14550003380861354}",20,13,15.169777919437962,"{0: 7, 1: 0, 2: 0, 3: 0, 4: 0}",1
17,False,"{'a': 0.5, 'e': 0.6020119026848236}",30,0,-25.60088811491871,"{0: 21, 1: 8, 2: 1, 3: 0, 4: 0}",0
18,False,"{'a': 0.5, 'e': 0.9111302618846769}",30,0,-76.8676794731206,"{0: 19, 1: 4, 2: 6, 3: 1, 4: 0}",0
19,False,"{'a': 0.5, 'e': 0.9971721561963784}",20,0,-119.07873418301288,"{0: 9, 1: 2, 2: 8, 3: 0, 4: 1}",0
20,False,"{'a': 0.5, 'e': 0.8390715290764524}",20,0,-37.0827736686509,"{0: 13, 1: 3, 2: 4, 3: 0, 4: 0}",0
21,False,"{'a': 0.5, 'e': 0.47553692799599256}",20,0,-13.259573695101663,"{0: 15, 1: 4, 2: 1, 3: 0, 4: 0}",0
22,False,"{'a': 0.5, 'e': 0.004425697988050785}",20,14,12.190020171541663,"{0: 6, 1: 0, 2: 0, 3: 0, 4: 0}",1
23,False,"{'a': 0.5, 'e': 0.4833047587530059}",20,11,15.765303942490627,"{0: 9, 1: 0, 2: 0, 3: 0, 4: 0}",1
24,False,"{'a': 0.5, 'e': 0.8438539587324921}",25,16,-8.01788790555663,"{0: 6, 1: 2, 2: 1, 3: 0, 4: 0}",1
25,False,"{'a': 0.5, 'e': 0.9977982791785807}",25,8,-63.853638960477646,"{0: 12, 1: 0, 2: 4, 3: 0, 4: 1}",1
26,False,"{'a': 0.5, 'e': 0.9074467814501962}",35,0,-174.6449320986537,"{0: 22, 1: 5, 2: 4, 3: 1, 4: 3}",0
27,False,"{'a': 0.5, 'e': 0.594920663309892}",20,0,-54.46660161046394,"{0: 15, 1: 1, 2: 3, 3: 0, 4: 1}",0
28,False,"{'a': 0.5, 'e': 0.1367372182078336}",20,14,-10.303413363068682,"{0: 5, 1: 0, 2: 0, 3: 1, 4: 0}",1
29,False,"{'a': 0.5, 'e': 0.354924266788705}",30,18,14.063454947953446,"{0: 11, 1: 1, 2: 0, 3: 0, 4: 0}",1
30,False,"{'a': 0.5, 'e': 0.7596879128588213}",20,0,-176.88620028719126,"{0: 8, 1: 4, 2: 5, 3: 0, 4: 3}",0
31,False,"{'a': 0.5, 'e': 0.9784534628188842}",25,0,-147.3065869809511,"{0: 13, 1: 4, 2: 6, 3: 0, 4: 2}",0
32,False,"{'a': 0.5, 'e': 0.9576594803233847}",25,0,-131.94183318479926,"{0: 11, 1: 5, 2: 6, 3: 3, 4: 0}",0
33,False,"{'a': 0.5, 'e': 0.7023970575027135}",20,8,-53.28480780708106,"{0: 9, 1: 0, 2: 1, 3: 1, 4: 1}",1
34,False,"{'a': 0.5, 'e': 0.27516333805159693}",25,18,-0.0377850202219876,"{0: 5, 1: 2, 2: 0, 3: 0, 4: 0}",1
35,False,"{'a': 0.5, 'e': 0.2194399632114593}",25,2,29.309285011415476,"{0: 22, 1: 1, 2: 0, 3: 0, 4: 0}",1
36,False,"{'a': 0.5, 'e': 0.6603167082440802}",25,0,-104.88197318174693,"{0: 14, 1: 4, 2: 6, 3: 0, 4: 1}",0
37,False,"{'a': 0.5, 'e': 0.939524893748256}",30,0,-143.90693100977495,"{0: 15, 1: 6, 2: 7, 3: 1, 4: 1}",0
38,False,"{'a': 0.5, 'e': 0.9887046181866692}",30,0,-94.4270248984414,"{0: 21, 1: 1, 2: 7, 3: 0, 4: 1}",0
39,False,"{'a': 0.5, 'e': 0.7958149698139441}",20,0,-104.43049077514041,"{0: 12, 1: 3, 2: 3, 3: 0, 4: 2}",0
40,False,"{'a': 0.5, 'e': 0.408082061813392}",25,0,5.765097408282726,"{0: 22, 1: 2, 2: 1, 3: 0, 4: 0}",0
41,False,"{'a': 0.5, 'e': 0.07956356727854007}",25,2,15.422896298648086,"{0: 20, 1: 2, 2: 1, 3: 0, 4: 0}",1
42,False,"{'a': 0.5, 'e': 0.5477292602242684}",20,0,-1.5885841321679504,"{0: 16, 1: 3, 2: 1, 3: 0, 4: 0}",0
43,False,"{'a': 0.5, 'e': 0.8817917275413242}",25,0,-67.33249246392657,"{0: 16, 1: 2, 2: 7, 3: 0, 4: 0}",0
44,False,"{'a': 0.5, 'e': 0.9999608263946371}",20,0,-112.74642653226762,"{0: 8, 1: 6, 2: 5, 3: 0, 4: 1}",0
45,False,"{'a': 0.5, 'e': 0.8733046400935156}",30,0,-20.910438533401557,"{0: 23, 1: 3, 2: 4, 3: 0, 4: 0}",0
46,False,"{'a': 0.5, 'e': 0.5328330203333975}",20,12,12.784908342053148,"{0: 8, 1: 0, 2: 0, 3: 0, 4: 0}",1
47,False,"{'a': 0.5, 'e': 0.061905293994420546}",20,14,8.661140153319948,"{0: 6, 1: 0, 2: 0, 3: 0, 4: 0}",1
48,False,"{'a': 0.5, 'e': 0.424179007336997}",20,0,-71.35940790352083,"{0: 14, 1: 1, 2: 3, 3: 1, 4: 1}",0
49,False,"{'a': 0.5, 'e': 0.8064094939122546}",25,10,8.271033801320646,"{0: 14, 1: 0, 2: 0, 3: 1, 4: 0}",1
50,False,"{'a': 0.5, 'e': 0.9912028118634736}",20,10,-10.501119938020242,"{0: 8, 1: 0, 2: 2, 3: 0, 4: 0}",1
51,False,"{'a': 0.5, 'e': 0.933315112063922}",20,0,-139.69622167989522,"{0: 12, 1: 1, 2: 3, 3: 2, 4: 2}",0
52,False,"{'a': 0.5, 'e': 0.6469193223286404}",20,0,5.417092800150492,"{0: 17, 1: 2, 2: 1, 3: 0, 4: 0}",0
53,False,"{'a': 0.5, 'e': 0.20213512038718198}",25,2,15.708752587215635,"{0: 21, 1: 1, 2: 1, 3: 0, 4: 0}",1
54,False,"{'a': 0.5, 'e': 0.2921388087338362}",30,0,9.77999805443354,"{0: 26, 1: 2, 2: 2, 3: 0, 4: 0}",1
55,False,"{'a': 0.5, 'e': 0.7148869687796651}",30,0,-19.045183560438183,"{0: 23, 1: 3, 2: 4, 3: 0, 4: 0}",0
56,False,"{'a': 0.5, 'e': 0.9626058663135666}",20,0,-49.0798596845314,"{0: 11, 1: 5, 2: 4, 3: 0, 4: 0}",0
57,False,"{'a': 0.5, 'e': 0.9746452757206577}",25,0,-109.32524414522322,"{0: 17, 1: 2, 2: 4, 3: 0, 4: 2}",0
58,False,"{'a': 0.5, 'e': 0.7480575296890004}",25,8,-93.48993696578387,"{0: 11, 1: 2, 2: 2, 3: 0, 4: 2}",1
59,False,"{'a': 0.5, 'e': 0.3383192109710552}",25,16,4.411690670657579,"{0: 7, 1: 2, 2: 0, 3: 0, 4: 0}",1
60,False,"{'a': 0.5, 'e': 0.15425144988758405}",30,15,23.932491846768716,"{0: 14, 1: 1, 2: 0, 3: 0, 4: 0}",1
61,False,"{'a': 0.5, 'e': 0.6090559761063562}",30,13,-44.85116659367073,"{0: 12, 1: 2, 2: 2, 3: 0, 4: 1}",1
62,False,"{'a': 0.5, 'e': 0.9147423578045313}",20,0,-44.58846640738344,"{0: 16, 1: 1, 2: 2, 3: 0, 4: 1}",0
63,False,"{'a': 0.5, 'e': 0.9964679075571249}",25,0,-129.36684953341384,"{0: 13, 1: 3, 2: 7, 3: 1, 4: 1}",0
64,False,"{'a': 0.5, 'e': 0.8342233605065102}",30,0,-174.83647978565423,"{0: 18, 1: 5, 2: 3, 3: 1, 4: 3}",0
65,False,"{'a': 0.5, 'e': 0.4677318402470736}",20,0,-27.467671942186982,"{0: 14, 1: 5, 2: 0, 3: 1, 4: 0}",0
66,False,"{'a': 0.5, 'e': 0.013276747223059479}",20,11,15.165615327432292,"{0: 9, 1: 0, 2: 0, 3: 0, 4: 0}",1
67,False,"{'a': 0.5, 'e': 0.49103472393024045}",20,9,21.224432462298854,"{0: 11, 1: 0, 2: 0, 3: 0, 4: 0}",1
68,False,"{'a': 0.5, 'e': 0.8485702747846052}",25,0,-80.48571939667399,"{0: 15, 1: 6, 2: 2, 3: 2, 4: 0}",0
69,False,"{'a': 0.5, 'e': 0.9983462274487422}",25,0,-117.36208547769446,"{0: 12, 1: 3, 2: 9, 3: 1, 4: 0}",0
70,False,"{'a': 0.5, 'e': 0.9036922050915067}",30,0,-146.13094308679734,"{0: 16, 1: 6, 2: 5, 3: 2, 4: 1}",0
71,False,"{'a': 0.5, 'e': 0.587782813560387}",25,6,-18.41383837722266,"{0: 14, 1: 3, 2: 2, 3: 0, 4: 0}",1
72,False,"{'a': 0.5, 'e': 0.12796368962740468}",20,12,11.993240371444193,"{0: 8, 1: 0, 2: 0, 3: 0, 4: 0}",1
73,False,"{'a': 0.5, 'e': 0.36318540841606234}",20,0,6.3668608363869605,"{0: 17, 1: 3, 2: 0, 3: 0, 4: 0}",0
74,False,"{'a': 0.5, 'e': 0.7654140519453433}",25,0,-90.26540702524684,"{0: 14, 1: 6, 2: 4, 3: 0, 4: 1}",0
75,False,"{'a': 0.5, 'e': 0.9802426408101081}",30,0,-108.8172198572501,"{0: 23, 1: 0, 2: 5, 3: 0, 4: 2}",0
76,False,"{'a': 0.5, 'e': 0.9550736440472949}",25,0,-79.15295868312157,"{0: 16, 1: 1, 2: 7, 3: 1, 4: 0}",0
77,False,"{'a': 0.5, 'e': 0.6960693098638897}",25,0,-138.30019259869923,"{0: 17, 1: 2, 2: 3, 3: 0, 4: 3}",0
78,False,"{'a': 0.5, 'e': 0.26664293235993725}",20,16,9.302899585476426,"{0: 4, 1: 0, 2: 0, 3: 0, 4: 0}",1
79,False,"{'a': 0.5, 'e': 0.22806693448309956}",25,13,15.175649186483472,"{0: 11, 1: 1, 2: 0, 3: 0, 4: 0}",1
80,False,"{'a': 0.5, 'e': 0.6669380616522619}",30,8,-76.11907610977616,"{0: 13, 1: 4, 2: 4, 3: 0, 4: 1}",1
81,False,"{'a': 0.5, 'e': 0.9425194910508831}",25,0,-201.277505846428,"{0: 11, 1: 5, 2: 5, 3: 1, 4: 3}",0
82,False,"{'a': 0.5, 'e': 0.9873392775238264}",25,0,-161.96117646671763,"{0: 13, 1: 1, 2: 7, 3: 3, 4: 1}",0
83,False,"{'a': 0.5, 'e': 0.7904239741978156}",30,0,-54.123526857389564,"{0: 19, 1: 7, 2: 3, 3: 1, 4: 0}",0
84,False,"{'a': 0.5, 'e': 0.39998531498835127}",20,10,20.390502684694543,"{0: 10, 1: 0, 2: 0, 3: 0, 4: 0}",1
85,False,"{'a': 0.5, 'e': 0.08838369930580554}",25,12,20.364475068708384,"{0: 12, 1: 1, 2: 0, 3: 0, 4: 0}",1
86,False,"{'a': 0.5, 'e': 0.5551133015206257}",25,0,-11.063615324121702,"{0: 19, 1: 4, 2: 2, 3: 0, 4: 0}",0
87,False,"{'a': 0.5, 'e': 0.8859318072699817}",30,0,-127.19415920660612,"{0: 19, 1: 3, 2: 6, 3: 0, 4: 2}",0
88,False,"{'a': 0.5, 'e': 0.9998433086476912}",25,0,-85.70655349396198,"{0: 16, 1: 4, 2: 4, 3: 0, 4: 1}",0
89,False,"{'a': 0.5, 'e': 0.8689582973139933}",25,0,-156.48225168901763,"{0: 13, 1: 2, 2: 8, 3: 0, 4: 2}",0
90,False,"{'a': 0.5, 'e': 0.5253219888177297}",20,10,-6.367857571137321,"{0: 7, 1: 3, 2: 0, 3: 0, 4: 0}",1
91,False,"{'a': 0.5, 'e': 0.05306853621402457}",20,9,24.75862013089523,"{0: 11, 1: 0, 2: 0, 3: 0, 4: 0}",1
92,False,"{'a': 0.5, 'e': 0.4321779448847783}",25,0,-13.886264543205689,"{0: 19, 1: 4, 2: 2, 3: 0, 4: 0}",0
93,False,"{'a': 0.5, 'e': 0.8116121923430246}",20,0,-25.739148966174703,"{0: 14, 1: 3, 2: 3, 3: 0, 4: 0}",0
94,False,"{'a': 0.5, 'e': 0.9923354691509287}",25,0,-197.4407740480819,"{0: 15, 1: 1, 2: 3, 3: 3, 4: 3}",0
95,False,"{'a': 0.5, 'e': 0.9301004142012892}",25,0,-119.02348238172036,"{0: 12, 1: 6, 2: 6, 3: 0, 4: 1}",0
96,False,"{'a': 0.5, 'e': 0.6401443394691997}",25,0,-13.644421010200915,"{0: 19, 1: 4, 2: 2, 3: 0, 4: 0}",0
97,False,"{'a': 0.5, 'e': 0.1934586046207122}",20,0,12.633760194934377,"{0: 17, 1: 3, 2: 0, 3: 0, 4: 0}",0
98,False,"{'a': 0.5, 'e': 0.3005925437436371}",35,25,8.917569955269038,"{0: 9, 1: 1, 2: 0, 3: 0, 4: 0}",1
99,False,"{'a': 0.5, 'e': 0.7210481538680822}",25,10,-1.3081242704409854,"{0: 12, 1: 2, 2: 1, 3: 0, 4: 0}",1
100,False,"{'a': 0.5, 'e': 0.9649660284921133}",25,0,-166.47514588706267,"{0: 13, 1: 3, 2: 5, 3: 2, 4: 2}",0
101,False,"{'a': 0.5, 'e': 0.9726265649744922}",25,0,-173.0428017776253,"{0: 15, 1: 2, 2: 4, 3: 1, 4: 3}",0
102,False,"{'a': 0.5, 'e': 0.7421541968137826}",25,0,-101.81640567250825,"{0: 17, 1: 4, 2: 2, 3: 0, 4: 2}",0
103,False,"{'a': 0.5, 'e': 0.32997659774057014}",20,7,-8.603306154759267,"{0: 9, 1: 3, 2: 1, 3: 0, 4: 0}",1
104,False,"{'a': 0.5, 'e': 0.16299078079570548}",20,8,20.380976206717893,"{0: 12, 1: 0, 2: 0, 3: 0, 4: 0}",1
105,False,"{'a': 0.5, 'e': 0.616052331690985}",25,0,19.193933810495256,"{0: 23, 1: 1, 2: 1, 3: 0, 4: 0}",0
106,False,"{'a': 0.5, 'e': 0.9182827862121189}",30,0,-116.5143081568095,"{0: 19, 1: 5, 2: 3, 3: 2, 4: 1}",0
107,False,"{'a': 0.5, 'e': 0.9956855884367365}",30,0,-138.88559673653424,"{0: 17, 1: 4, 2: 6, 3: 2, 4: 1}",0
108,False,"{'a': 0.5, 'e': 0.8293098328631502}",25,1,-93.4040889103826,"{0: 16, 1: 5, 2: 1, 3: 0, 4: 2}",1
109,False,"{'a': 0.5, 'e': 0.4598901070131037}",20,2,1.5683811880031495,"{0: 15, 1: 2, 2: 1, 3: 0, 4: 0}",1
110,False,"{'a': 0.5, 'e': 0.022126756261955736}",35,18,31.537226783221367,"{0: 17, 1: 0, 2: 0, 3: 0, 4: 0}",1
111,False,"{'a': 0.5, 'e': 0.49872621790648564}",20,0,-21.478501182556304,"{0: 15, 1: 2, 2: 3, 3: 0, 4: 0}",0
112,False,"{'a': 0.5, 'e': 0.853220107722584}",20,2,-50.30133969121992,"{0: 15, 1: 0, 2: 1, 3: 1, 4: 1}",1
113,False,"{'a': 0.5, 'e': 0.9988159580766447}",20,0,-97.09806696374324,"{0: 14, 1: 1, 2: 3, 3: 0, 4: 2}",0
114,False,"{'a': 0.5, 'e': 0.8998668269691938}",20,10,-75.62211005310651,"{0: 4, 1: 2, 2: 3, 3: 0, 4: 1}",1
115,False,"{'a': 0.5, 'e': 0.580598912666927}",20,0,14.103926938197,"{0: 18, 1: 1, 2: 1, 3: 0, 4: 0}",0
116,False,"{'a': 0.5, 'e': 0.11918013544881928}",20,11,18.979929971256933,"{0: 9, 1: 0, 2: 0, 3: 0, 4: 0}",1
117,False,"{'a': 0.5, 'e': 0.37141809547969407}",20,4,-41.16929694605269,"{0: 12, 1: 2, 2: 1, 3: 0, 4: 1}",1
118,False,"{'a': 0.5, 'e': 0.7710802229758452}",30,0,-96.8733006473991,"{0: 20, 1: 5, 2: 3, 3: 1, 4: 1}",0
119,False,"{'a': 0.5, 'e': 0.9819550195245901}",20,0,-96.9496547989708,"{0: 12, 1: 2, 2: 4, 3: 1, 4: 1}",0
120,False,"{'a': 0.5, 'e': 0.9524129804151563}",25,0,-174.44033398429843,"{0: 11, 1: 4, 2: 7, 3: 1, 4: 2}",0
121,False,"{'a': 0.5, 'e': 0.6896870271361664}",20,0,-98.07421991027468,"{0: 13, 1: 3, 2: 2, 3: 0, 4: 2}",0
122,False,"{'a': 0.5, 'e': 0.25810163593826746}",20,10,17.111292867961183,"{0: 10, 1: 0, 2: 0, 3: 0, 4: 0}",1
123,False,"{'a': 0.5, 'e': 0.23667603734656428}",30,16,18.473697994721437,"{0: 13, 1: 1, 2: 0, 3: 0, 4: 0}",1
124,False,"{'a': 0.5, 'e': 0.6735071623235862}",30,8,-24.1248894469689,"{0: 15, 1: 4, 2: 3, 3: 0, 4: 0}",1
125,False,"{'a': 0.5, 'e': 0.9454402445803316}",20,0,-84.62567962551732,"{0: 14, 1: 3, 2: 1, 3: 0, 4: 2}",0
126,False,"{'a': 0.5, 'e': 0.9858965815825497}",20,0,-20.642960997439967,"{0: 15, 1: 4, 2: 0, 3: 1, 4: 0}",0
127,False,"{'a': 0.5, 'e': 0.784971051068018}",25,0,-51.70896490198852,"{0: 18, 1: 3, 2: 2, 3: 2, 4: 0}",0
128,False,"{'a': 0.5, 'e': 0.39185723042955}",35,24,15.52508905040488,"{0: 10, 1: 1, 2: 0, 3: 0, 4: 0}",1
129,False,"{'a': 0.5, 'e': 0.0971969067167568}",25,12,27.32572365582325,"{0: 13, 1: 0, 2: 0, 3: 0, 4: 0}",1
130,False,"{'a': 0.5, 'e': 0.562453851238172}",20,5,-4.475438034917599,"{0: 13, 1: 1, 2: 0, 3: 1, 4: 0}",1
131,False,"{'a': 0.5, 'e': 0.8900024767126464}",20,0,-118.98642243044932,"{0: 11, 1: 3, 2: 4, 3: 0, 4: 2}",0
132,False,"{'a': 0.5, 'e': 0.99964745596635}",20,0,-127.50844393749877,"{0: 9, 1: 2, 2: 7, 3: 1, 4: 1}",0
133,False,"{'a': 0.5, 'e': 0.8645438740756395}",30,11,-53.846240469703815,"{0: 14, 1: 2, 2: 2, 3: 0, 4: 1}",1
134,False,"{'a': 0.5, 'e': 0.5177697997895051}",25,0,-25.03011183424618,"{0: 19, 1: 3, 2: 2, 3: 1, 4: 0}",0
135,False,"{'a': 0.5, 'e': 0.04422762066183892}",20,13,11.831861832640412,"{0: 7, 1: 0, 2: 0, 3: 0, 4: 0}",1
136,False,"{'a': 0.5, 'e': 0.4401430224960407}",30,8,-45.97938763595461,"{0: 16, 1: 4, 2: 1, 3: 0, 4: 1}",1
137,False,"{'a': 0.5, 'e': 0.8167513032223336}",25,0,-36.77283085598477,"{0: 17, 1: 4, 2: 4, 3: 0, 4: 0}",0
138,False,"{'a': 0.5, 'e': 0.9933903797222716}",25,0,-59.94518656080852,"{0: 16, 1: 2, 2: 7, 3: 0, 4: 0}",0
139,False,"{'a': 0.5, 'e': 0.926812845565509}",30,0,-67.37123774147062,"{0: 19, 1: 4, 2: 7, 3: 0, 4: 0}",0
140,False,"{'a': 0.5, 'e': 0.6333192030862999}",30,19,-12.396935377461439,"{0: 6, 1: 5, 2: 0, 3: 0, 4: 0}",1
141,False,"{'a': 0.5, 'e': 0.18476693191217952}",20,13,13.21802113053132,"{0: 7, 1: 0, 2: 0, 3: 0, 4: 0}",1
142,False,"{'a': 0.5, 'e': 0.3090227281660707}",20,2,11.728249194056136,"{0: 16, 1: 1, 2: 1, 3: 0, 4: 0}",1
143,False,"{'a': 0.5, 'e': 0.7271528468448446}",20,16,7.915855709434917,"{0: 4, 1: 0, 2: 0, 3: 0, 4: 0}",1
144,False,"{'a': 0.5, 'e': 0.9672505882738824}",20,0,-44.15721364863365,"{0: 14, 1: 2, 2: 3, 3: 1, 4: 0}",0
145,False,"{'a': 0.5, 'e': 0.9705316516498831}",20,0,-116.6195619278083,"{0: 11, 1: 1, 2: 6, 3: 1, 4: 1}",0
146,False,"{'a': 0.5, 'e': 0.7361927182273159}",25,7,-59.97490769930697,"{0: 11, 1: 4, 2: 2, 3: 0, 4: 1}",1
147,False,"{'a': 0.5, 'e': 0.32160813176404734}",30,1,11.571224731142005,"{0: 25, 1: 3, 2: 1, 3: 0, 4: 0}",1
148,False,"{'a': 0.5, 'e': 0.17171734183077755}",20,16,5.971451428589711,"{0: 4, 1: 0, 2: 0, 3: 0, 4: 0}",1
149,False,"{'a': 0.5, 'e': 0.6230004212937645}",20,0,6.963220227016788,"{0: 17, 1: 2, 2: 1, 3: 0, 4: 0}",0
150,False,"{'a': 0.5, 'e': 0.9217512697247493}",20,10,-65.49511594286311,"{0: 5, 1: 3, 2: 0, 3: 1, 4: 1}",1
151,False,"{'a': 0.5, 'e': 0.9948252601277343}",25,11,-59.516624296587395,"{0: 9, 1: 1, 2: 3, 3: 0, 4: 1}",1
152,False,"{'a': 0.5, 'e': 0.8243313311075577}",20,0,-96.67332855378056,"{0: 13, 1: 3, 2: 2, 3: 0, 4: 2}",0
153,False,"{'a': 0.5, 'e': 0.45201234267200896}",20,10,2.349818232344704,"{0: 9, 1: 0, 2: 1, 3: 0, 4: 0}",1
154,False,"{'a': 0.5, 'e': 0.03097503173121646}",25,5,34.72178978055317,"{0: 20, 1: 0, 2: 0, 3: 0, 4: 0}",1
155,False,"{'a': 0.5, 'e': 0.506378638074642}",20,2,0.7284165279157686,"{0: 14, 1: 3, 2: 1, 3: 0, 4: 0}",1
156,False,"{'a': 0.5, 'e': 0.8578030932449878}",30,0,-151.44700258433846,"{0: 15, 1: 8, 2: 5, 3: 0, 4: 2}",0
157,False,"{'a': 0.5, 'e': 0.9992074342602034}",30,0,-99.41132681750942,"{0: 19, 1: 6, 2: 3, 3: 1, 4: 1}",0
158,False,"{'a': 0.5, 'e': 0.8959709467909631}",20,0,-85.80619971853208,"{0: 12, 1: 2, 2: 5, 3: 0, 4: 1}",0
159,False,"{'a': 0.5, 'e': 0.5733695234681091}",25,0,-62.776912834494446,"{0: 16, 1: 8, 2: 0, 3: 0, 4: 1}",0
160,False,"{'a': 0.5, 'e': 0.11038724383904756}",20,13,12.769946127881978,"{0: 7, 1: 0, 2: 0, 3: 0, 4: 0}",1
161,False,"{'a': 0.5, 'e': 0.37962168297153187}",25,10,-5.226487141877016,"{0: 11, 1: 4, 2: 0, 3: 0, 4: 0}",1
162,False,"{'a': 0.5, 'e': 0.7766859820216312}",20,0,-49.65802403887166,"{0: 15, 1: 2, 2: 2, 3: 0, 4: 1}",0
163,False,"{'a': 0.5, 'e': 0.9835904648022342}",20,0,-106.8946087165716,"{0: 13, 1: 2, 2: 3, 3: 0, 4: 2}",0
164,False,"{'a': 0.5, 'e': 0.9496776978825432}",25,0,-100.44432123713045,"{0: 15, 1: 2, 2: 5, 3: 3, 4: 0}",0
165,False,"{'a': 0.5, 'e': 0.6832507093535931}",25,0,-21.568646775438832,"{0: 19, 1: 3, 2: 3, 3: 0, 4: 0}",0
166,False,"{'a': 0.5, 'e': 0.24954011797333814}",30,3,-29.509465634352004,"{0: 21, 1: 5, 2: 0, 3: 0, 4: 1}",1
167,False,"{'a': 0.5, 'e': 0.24526659730265726}",30,3,30.75751265535099,"{0: 25, 1: 2, 2: 0, 3: 0, 4: 0}",1
168,False,"{'a': 0.5, 'e': 0.6800234955873388}",25,0,-93.15343190921006,"{0: 16, 1: 3, 2: 4, 3: 1, 4: 1}",0
169,False,"{'a': 0.5, 'e': 0.9482869255037094}",25,0,-36.82963109914089,"{0: 19, 1: 1, 2: 4, 3: 1, 4: 0}",0
170,False,"{'a': 0.5, 'e': 0.9843766433940419}",20,0,-91.97576399814461,"{0: 11, 1: 2, 2: 6, 3: 0, 4: 1}",0
171,False,"{'a': 0.5, 'e': 0.7794566276458688}",30,0,13.083974305288786,"{0: 25, 1: 4, 2: 1, 3: 0, 4: 0}",0
172,False,"{'a': 0.5, 'e': 0.38369844494974187}",20,0,-41.63230068159787,"{0: 14, 1: 5, 2: 0, 3: 0, 4: 1}",0
173,False,"{'a': 0.5, 'e': 0.10600249902117563}",20,12,12.481575818150132,"{0: 8, 1: 0, 2: 0, 3: 0, 4: 0}",1
174,False,"{'a': 0.5, 'e': 0.569750334265312}",25,5,-2.0849061115544263,"{0: 16, 1: 3, 2: 1, 3: 0, 4: 0}",1
175,False,"{'a': 0.5, 'e': 0.8940034169437217}",25,0,-136.22978483712535,"{0: 15, 1: 4, 2: 2, 3: 2, 4: 2}",0
176,False,"{'a': 0.5, 'e': 0.9993732836951247}",25,0,-139.42320461147975,"{0: 15, 1: 3, 2: 4, 3: 1, 4: 2}",0
177,False,"{'a': 0.5, 'e': 0.8600617162362019}",30,0,-91.5408561223358,"{0: 19, 1: 5, 2: 2, 3: 4, 4: 0}",0
178,False,"{'a': 0.5, 'e': 0.5101770449416689}",20,0,-12.294373006758637,"{0: 17, 1: 1, 2: 1, 3: 1, 4: 0}",0
179,False,"{'a': 0.5, 'e': 0.03538323999893738}",25,17,6.258519527123262,"{0: 7, 1: 1, 2: 0, 3: 0, 4: 0}",1
180,False,"{'a': 0.5, 'e': 0.4480736161291701}",20,0,14.177014818725123,"{0: 17, 1: 3, 2: 0, 3: 0, 4: 0}",0
181,False,"{'a': 0.5, 'e': 0.8218264239151786}",20,0,-102.76719518053517,"{0: 11, 1: 2, 2: 5, 3: 1, 4: 1}",0
182,False,"{'a': 0.5, 'e': 0.9943674609282015}",25,0,-173.53743163903331,"{0: 17, 1: 0, 2: 3, 3: 2, 4: 3}",0
183,False,"{'a': 0.5, 'e': 0.9234526637284138}",25,0,-15.062555860435312,"{0: 19, 1: 4, 2: 2, 3: 0, 4: 0}",0
184,False,"{'a': 0.5, 'e': 0.626444447910339}",25,0,-39.560526330407804,"{0: 20, 1: 3, 2: 1, 3: 0, 4: 1}",0
185,False,"{'a': 0.5, 'e': 0.17606078322989716}",25,9,14.300438820287907,"{0: 14, 1: 2, 2: 0, 3: 0, 4: 0}",1
186,False,"{'a': 0.5, 'e': 0.31742870151970165}",25,18,2.0362331365807216,"{0: 6, 1: 0, 2: 1, 3: 0, 4: 0}",1
187,False,"{'a': 0.5, 'e': 0.7332005694242856}",20,0,-144.1000863024826,"{0: 11, 1: 4, 2: 0, 3: 3, 4: 2}",0
188,False,"{'a': 0.5, 'e': 0.9694593666699876}",20,0,-92.33816726212999,"{0: 15, 1: 2, 2: 0, 3: 1, 4: 2}",0
189,False,"{'a': 0.5, 'e': 0.9683606998774463}",20,0,-104.33516200931903,"{0: 9, 1: 5, 2: 5, 3: 0, 4: 1}",0
190,False,"{'a': 0.5, 'e': 0.7301735609948197}",30,10,22.1677753320581,"{0: 18, 1: 2, 2: 0, 3: 0, 4: 0}",1
191,False,"{'a': 0.5, 'e': 0.31321446868745406}",25,4,27.754871295358274,"{0: 20, 1: 1, 2: 0, 3: 0, 4: 0}",1
192,False,"{'a': 0.5, 'e': 0.18043044929108396}",20,14,9.75182107955259,"{0: 6, 1: 0, 2: 0, 3: 0, 4: 0}",1
193,False,"{'a': 0.5, 'e': 0.629899700551255}",25,2,-57.62242202432153,"{0: 15, 1: 5, 2: 1, 3: 2, 4: 0}",1
194,False,"{'a': 0.5, 'e': 0.9251475365964139}",20,0,-53.315487402593895,"{0: 16, 1: 0, 2: 3, 3: 0, 4: 1}",0
195,False,"{'a': 0.5, 'e': 0.9938869900344416}",30,8,-54.640161565015404,"{0: 18, 1: 0, 2: 2, 3: 1, 4: 1}",1
196,False,"{'a': 0.5, 'e': 0.8192882452914593}",20,0,-63.026030095562795,"{0: 13, 1: 2, 2: 3, 3: 2, 4: 0}",0
197,False,"{'a': 0.5, 'e': 0.44409916442465225}",25,12,-27.194416533766976,"{0: 11, 1: 0, 2: 1, 3: 0, 4: 1}",1
198,False,"{'a': 0.5, 'e': 0.0398208803931389}",20,0,21.304828191970973,"{0: 19, 1: 1, 2: 0, 3: 0, 4: 0}",1
199,False,"{'a': 0.5, 'e': 0.5139913848889341}",20,0,-63.6063930380949,"{0: 12, 1: 6, 2: 1, 3: 0, 4: 1}",0
200,False,"{'a': 0.5, 'e': 0.8623188722876839}",20,1,-13.438084497513898,"{0: 14, 1: 2, 2: 3, 3: 0, 4: 0}",1
201,False,"{'a': 0.5, 'e': 0.9995206253283515}",20,0,-101.05385506730221,"{0: 9, 1: 4, 2: 5, 3: 2, 4: 0}",0
202,False,"{'a': 0.5, 'e': 0.8920048697881602}",30,0,-180.49907248170874,"{0: 19, 1: 5, 2: 2, 3: 0, 4: 4}",0
203,False,"{'a': 0.5, 'e': 0.5660952123664124}",20,5,-16.025029856421256,"{0: 12, 1: 1, 2: 1, 3: 1, 4: 0}",1
204,False,"{'a': 0.5, 'e': 0.10158570369662134}",25,18,11.742719604030789,"{0: 7, 1: 0, 2: 0, 3: 0, 4: 0}",1
205,False,"{'a': 0.5, 'e': 0.3877955281633778}",25,17,6.320074401591242,"{0: 7, 1: 1, 2: 0, 3: 0, 4: 0}",1
206,False,"{'a': 0.5, 'e': 0.7822308898871159}",20,0,-37.76505764245127,"{0: 13, 1: 3, 2: 4, 3: 0, 4: 0}",0
207,False,"{'a': 0.5, 'e': 0.9851488485104646}",20,0,-65.16978919137387,"{0: 12, 1: 3, 2: 4, 3: 1, 4: 0}",0
208,False,"{'a': 0.5, 'e': 0.9468680107512125}",20,0,-101.62101348334903,"{0: 11, 1: 1, 2: 7, 3: 0, 4: 1}",0
209,False,"{'a': 0.5, 'e': 0.6767608607837156}",25,0,-30.853880465957698,"{0: 18, 1: 3, 2: 4, 3: 0, 4: 0}",0
210,False,"{'a': 0.5, 'e': 0.24095904923620143}",25,2,32.89539687941482,"{0: 23, 1: 0, 2: 0, 3: 0, 4: 0}",1
211,False,"{'a': 0.5, 'e': 0.2538379413049674}",20,4,19.240942341502624,"{0: 15, 1: 1, 2: 0, 3: 0, 4: 0}",1
212,False,"{'a': 0.5, 'e': 0.6864865509069841}",30,8,-11.353967549721947,"{0: 17, 1: 3, 2: 2, 3: 0, 4: 0}",1
213,False,"{'a': 0.5, 'e': 0.9510593107915064}",30,0,-322.9171181073816,"{0: 13, 1: 5, 2: 5, 3: 1, 4: 6}",0
214,False,"{'a': 0.5, 'e': 0.9827795820412206}",25,0,-87.29791611444783,"{0: 15, 1: 5, 2: 4, 3: 0, 4: 1}",0
215,False,"{'a': 0.5, 'e': 0.7738811359710619}",20,0,-92.4077697155087,"{0: 10, 1: 5, 2: 4, 3: 0, 4: 1}",0
216,False,"{'a': 0.5, 'e': 0.3755095977670121}",30,3,-28.20208558583133,"{0: 23, 1: 1, 2: 2, 3: 0, 4: 1}",1
217,False,"{'a': 0.5, 'e': 0.1147997863254662}",35,11,26.89587149066108,"{0: 22, 1: 1, 2: 1, 3: 0, 4: 0}",1
218,False,"{'a': 0.5, 'e': 0.577002178942952}",25,15,-6.801102099177465,"{0: 8, 1: 0, 2: 2, 3: 0, 4: 0}",1
219,False,"{'a': 0.5, 'e': 0.8979343145007}",20,0,-26.62224677905412,"{0: 14, 1: 4, 2: 2, 3: 0, 4: 0}",0
220,False,"{'a': 0.5, 'e': 0.999020813314648}",20,0,-87.95047810668831,"{0: 12, 1: 2, 2: 5, 3: 0, 4: 1}",0
221,False,"{'a': 0.5, 'e': 0.855512174960245}",30,10,-21.354854935278663,"{0: 16, 1: 1, 2: 2, 3: 1, 4: 0}",1
222,False,"{'a': 0.5, 'e': 0.5025443191453852}",20,0,-72.64868261082701,"{0: 13, 1: 3, 2: 2, 3: 1, 4: 1}",0
223,False,"{'a': 0.5, 'e': 0.026536087157875483}",25,7,30.531133014103432,"{0: 18, 1: 0, 2: 0, 3: 0, 4: 0}",1
224,False,"{'a': 0.5, 'e': 0.4559691044442761}",30,15,-23.228692989911448,"{0: 10, 1: 4, 2: 0, 3: 1, 4: 0}",1
225,False,"{'a': 0.5, 'e': 0.8268371568000089}",20,0,-182.9082348652338,"{0: 9, 1: 4, 2: 3, 3: 1, 4: 3}",0
226,False,"{'a': 0.5, 'e': 0.9952666362171313}",25,0,-170.9432006676285,"{0: 13, 1: 2, 2: 6, 3: 2, 4: 2}",0
227,False,"{'a': 0.5, 'e': 0.9200201319508784}",20,0,-147.89436507110506,"{0: 9, 1: 3, 2: 6, 3: 0, 4: 2}",0
228,False,"{'a': 0.5, 'e': 0.6195206125592099}",20,2,7.0971644405447085,"{0: 16, 1: 1, 2: 1, 3: 0, 4: 0}",1
229,False,"{'a': 0.5, 'e': 0.16734084067633054}",30,23,12.172908045595314,"{0: 7, 1: 0, 2: 0, 3: 0, 4: 0}",1
230,False,"{'a': 0.5, 'e': 0.3258098052199642}",20,10,6.443601791372883,"{0: 9, 1: 0, 2: 1, 3: 0, 4: 0}",1
231,False,"{'a': 0.5, 'e': 0.7391908477842096}",35,15,-12.96408814613072,"{0: 15, 1: 2, 2: 3, 3: 0, 4: 0}",1
232,False,"{'a': 0.5, 'e': 0.9715921906288022}",20,0,-86.90420975673726,"{0: 13, 1: 2, 2: 3, 3: 1, 4: 1}",0
233,False,"{'a': 0.5, 'e': 0.9661138797451976}",20,0,-93.43175520885868,"{0: 11, 1: 4, 2: 3, 3: 1, 4: 1}",0
234,False,"{'a': 0.5, 'e': 0.7240971967004738}",25,0,-108.85457802659792,"{0: 13, 1: 5, 2: 6, 3: 0, 4: 1}",0
235,False,"{'a': 0.5, 'e': 0.3047962661308802}",30,14,7.33712569422493,"{0: 13, 1: 2, 2: 1, 3: 0, 4: 0}",1
236,False,"{'a': 0.5, 'e': 0.1891294205289584}",20,9,14.230336291515705,"{0: 11, 1: 0, 2: 0, 3: 0, 4: 0}",1
237,False,"{'a': 0.5, 'e': 0.6367496289241701}",20,0,-24.446082750098434,"{0: 16, 1: 0, 2: 3, 3: 1, 4: 0}",0
238,False,"{'a': 0.5, 'e': 0.9284713207390763}",25,0,-72.05065392866021,"{0: 18, 1: 2, 2: 4, 3: 0, 4: 1}",0
239,False,"{'a': 0.5, 'e': 0.9928708516677031}",25,0,-88.79338305725203,"{0: 15, 1: 5, 2: 4, 3: 0, 4: 1}",0
240,False,"{'a': 0.5, 'e': 0.8141809705265618}",25,0,-29.195723543880035,"{0: 20, 1: 0, 2: 5, 3: 0, 4: 0}",0
241,False,"{'a': 0.5, 'e': 0.4361511922464772}",20,8,2.856317941187508,"{0: 10, 1: 1, 2: 1, 3: 0, 4: 0}",1
242,False,"{'a': 0.5, 'e': 0.04866360920015389}",25,15,23.486642856754365,"{0: 10, 1: 0, 2: 0, 3: 0, 4: 0}",1
243,False,"{'a': 0.5, 'e': 0.5215638619118831}",30,19,17.056622533984243,"{0: 11, 1: 0, 2: 0, 3: 0, 4: 0}",1
244,False,"{'a': 0.5, 'e': 0.8667670910519801}",25,1,-143.22784593918303,"{0: 12, 1: 4, 2: 6, 3: 0, 4: 2}",1
245,False,"{'a': 0.5, 'e': 0.9997555067434422}",30,16,-2.141774343200563,"{0: 11, 1: 2, 2: 1, 3: 0, 4: 0}",1
246,False,"{'a': 0.5, 'e': 0.8879689066918555}",25,0,-223.36437860813083,"{0: 12, 1: 5, 2: 3, 3: 1, 4: 4}",0
247,False,"{'a': 0.5, 'e': 0.5587765492838215}",25,0,-45.952604730333405,"{0: 18, 1: 3, 2: 2, 3: 2, 4: 0}",0
248,False,"{'a': 0.5, 'e': 0.09277620459766088}",25,12,20.376220924981155,"{0: 13, 1: 0, 2: 0, 3: 0, 4: 0}",1
249,False,"{'a': 0.5, 'e': 0.39593899065726024}",25,15,12.17971862439428,"{0: 9, 1: 1, 2: 0, 3: 0, 4: 0}",1
250,False,"{'a': 0.5, 'e': 0.7877145121442345}",25,0,-113.93379604451947,"{0: 16, 1: 3, 2: 4, 3: 0, 4: 2}",0
251,False,"{'a': 0.5, 'e': 0.9866300485542645}",25,0,-54.27888072763405,"{0: 20, 1: 1, 2: 3, 3: 0, 4: 1}",0
252,False,"{'a': 0.5, 'e': 0.9439841391523142}",25,0,-131.97583336460656,"{0: 12, 1: 6, 2: 4, 3: 2, 4: 1}",0
253,False,"{'a': 0.5, 'e': 0.6702179898880674}",20,0,-58.71794719452164,"{0: 11, 1: 5, 2: 3, 3: 1, 4: 0}",0
254,False,"{'a': 0.5, 'e': 0.23235910202965793}",20,0,-20.712004013669294,"{0: 14, 1: 5, 2: 0, 3: 1, 4: 0}",0
255,False,"{'a': 0.5, 'e': 0.2623893978125999}",25,6,17.028430260023462,"{0: 17, 1: 2, 2: 0, 3: 0, 4: 0}",1
256,False,"{'a': 0.5, 'e': 0.6928958219201651}",30,0,-60.29891488607953,"{0: 22, 1: 4, 2: 3, 3: 0, 4: 1}",0
257,False,"{'a': 0.5, 'e': 0.953757183235068}",25,0,-126.85610741905447,"{0: 18, 1: 2, 2: 2, 3: 0, 4: 3}",0
258,False,"{'a': 0.5, 'e': 0.9811055226493881}",20,0,-114.37846943403055,"{0: 13, 1: 2, 2: 2, 3: 1, 4: 2}",0
259,False,"{'a': 0.5, 'e': 0.7682450128678183}",20,0,-85.82129791536764,"{0: 12, 1: 4, 2: 2, 3: 1, 4: 1}",0
260,False,"{'a': 0.5, 'e': 0.3672913304546965}",30,6,15.850387100728792,"{0: 21, 1: 3, 2: 0, 3: 0, 4: 0}",1
261,False,"{'a': 0.5, 'e': 0.12358807938670624}",25,14,9.483354373005321,"{0: 9, 1: 2, 2: 0, 3: 0, 4: 0}",1
262,False,"{'a': 0.5, 'e': 0.5842088171092893}",30,0,-4.940444807510309,"{0: 24, 1: 5, 2: 1, 3: 0, 4: 0}",0
263,False,"{'a': 0.5, 'e': 0.9017948614087224}",25,0,-48.51887681008963,"{0: 17, 1: 3, 2: 5, 3: 0, 4: 0}",0
264,False,"{'a': 0.5, 'e': 0.9985900724399912}",25,0,-158.81961535325922,"{0: 10, 1: 4, 2: 9, 3: 1, 4: 1}",0
265,False,"{'a': 0.5, 'e': 0.8508956066916382}",25,0,-154.922933532049,"{0: 16, 1: 3, 2: 2, 3: 1, 4: 3}",0
266,False,"{'a': 0.5, 'e': 0.4948722204034305}",25,0,-14.509432396086808,"{0: 19, 1: 4, 2: 2, 3: 0, 4: 0}",0
267,False,"{'a': 0.5, 'e': 0.01768685528840119}",30,7,40.36582106984212,"{0: 23, 1: 0, 2: 0, 3: 0, 4: 0}",1
268,False,"{'a': 0.5, 'e': 0.4638288688518717}",25,0,-40.07463372708064,"{0: 16, 1: 5, 2: 4, 3: 0, 4: 0}",0
269,False,"{'a': 0.5, 'e': 0.8317831092998796}",25,0,-68.50570594207888,"{0: 13, 1: 6, 2: 6, 3: 0, 4: 0}",1
270,False,"{'a': 0.5, 'e': 0.9960878351411849}",20,0,-79.18005320925855,"{0: 11, 1: 6, 2: 2, 3: 0, 4: 1}",0
271,False,"{'a': 0.5, 'e': 0.916515519162193}",20,0,-95.83467862827534,"{0: 10, 1: 1, 2: 8, 3: 1, 4: 0}",1
272,False,"{'a': 0.5, 'e': 0.6125482394960996}",30,10,-5.65642400578075,"{0: 15, 1: 4, 2: 1, 3: 0, 4: 0}",1
273,False,"{'a': 0.5, 'e': 0.15860778743465642}",25,5,37.482924279318546,"{0: 20, 1: 0, 2: 0, 3: 0, 4: 0}",1
274,False,"{'a': 0.5, 'e': 0.33416538263076073}",20,0,-67.85107141048415,"{0: 13, 1: 5, 2: 0, 3: 1, 4: 1}",0
275,False,"{'a': 0.5, 'e': 0.7451232126030157}",20,12,-12.954463942359833,"{0: 5, 1: 2, 2: 1, 3: 0, 4: 0}",1
276,False,"{'a': 0.5, 'e': 0.9736488930495181}",25,0,-100.67926789189478,"{0: 17, 1: 4, 2: 2, 3: 0, 4: 2}",0
277,False,"{'a': 0.5, 'e': 0.9637913672852274}",25,0,-193.40561284506705,"{0: 12, 1: 4, 2: 5, 3: 1, 4: 3}",0
278,False,"{'a': 0.5, 'e': 0.717964101410472}",20,11,5.012778498138267,"{0: 7, 1: 2, 2: 0, 3: 0, 4: 0}",1
279,False,"{'a': 0.5, 'e': 0.2963541836370153}",25,20,9.560831905313627,"{0: 5, 1: 0, 2: 0, 3: 0, 4: 0}",1
280,False,"{'a': 0.5, 'e': 0.19781357400426822}",20,12,11.082067207902654,"{0: 7, 1: 1, 2: 0, 3: 0, 4: 0}",1
281,False,"{'a': 0.5, 'e': 0.6435496697397284}",25,3,-117.35504047267027,"{0: 14, 1: 2, 2: 3, 3: 1, 4: 2}",1
282,False,"{'a': 0.5, 'e': 0.9317223617435201}",25,0,-144.80792453894682,"{0: 13, 1: 2, 2: 7, 3: 2, 4: 1}",0
283,False,"{'a': 0.5, 'e': 0.9917769246391254}",20,0,-89.32829614393516,"{0: 14, 1: 3, 2: 1, 3: 0, 4: 2}",0
284,False,"{'a': 0.5, 'e': 0.8090099069535975}",30,0,-87.9833769349381,"{0: 18, 1: 7, 2: 4, 3: 0, 4: 1}",0
285,False,"{'a': 0.5, 'e': 0.428169048838935}",25,6,2.0849492371474123,"{0: 15, 1: 3, 2: 1, 3: 0, 4: 0}",1
286,False,"{'a': 0.5, 'e': 0.05750252534912421}",20,12,17.960900062335888,"{0: 8, 1: 0, 2: 0, 3: 0, 4: 0}",1
287,False,"{'a': 0.5, 'e': 0.529095475861036}",20,4,-50.90842242029124,"{0: 10, 1: 3, 2: 1, 3: 2, 4: 0}",1
288,False,"{'a': 0.5, 'e': 0.8711474010323434}",30,0,-192.073837786818,"{0: 16, 1: 2, 2: 8, 3: 2, 4: 2}",0
289,False,"{'a': 0.5, 'e': 0.9999120601031718}",25,0,-69.63253220236469,"{0: 15, 1: 5, 2: 4, 3: 1, 4: 0}",0
290,False,"{'a': 0.5, 'e': 0.8838633737085002}",25,0,-27.695101165937494,"{0: 18, 1: 4, 2: 3, 3: 0, 4: 0}",0
291,False,"{'a': 0.5, 'e': 0.5514141076171752}",20,8,-20.85285033767017,"{0: 7, 1: 3, 2: 2, 3: 0, 4: 0}",1
292,False,"{'a': 0.5, 'e': 0.08395943674184847}",20,8,12.327128437222726,"{0: 11, 1: 1, 2: 0, 3: 0, 4: 0}",1
293,False,"{'a': 0.5, 'e': 0.40405143243560715}",25,18,5.616038633777418,"{0: 6, 1: 1, 2: 0, 3: 0, 4: 0}",1
294,False,"{'a': 0.5, 'e': 0.7931364191664784}",35,16,-104.63355470838935,"{0: 12, 1: 1, 2: 4, 3: 0, 4: 2}",1
295,False,"{'a': 0.5, 'e': 0.988033948885742}",25,0,-170.1090906925768,"{0: 13, 1: 2, 2: 7, 3: 1, 4: 2}",0
296,False,"{'a': 0.5, 'e': 0.9410263090291437}",20,5,-106.76203018068033,"{0: 9, 1: 0, 2: 4, 3: 0, 4: 2}",1
297,False,"{'a': 0.5, 'e': 0.6636226092823331}",35,11,-72.8627723467124,"{0: 17, 1: 2, 2: 3, 3: 1, 4: 1}",1
298,False,"{'a': 0.5, 'e': 0.22374095013558368}",35,7,43.474346384427754,"{0: 27, 1: 1, 2: 0, 3: 0, 4: 0}",1
299,False,"{'a': 0.5, 'e': 0.2709202968427898}",20,10,13.818312440783803,"{0: 9, 1: 1, 2: 0, 3: 0, 4: 0}",1
300,False,"{'a': 0.5, 'e': 0.6992508064783751}",25,0,-72.82709284990266,"{0: 16, 1: 5, 2: 3, 3: 0, 4: 1}",0
301,False,"{'a': 0.5, 'e': 0.9563803314636136}",25,0,-185.48798191664193,"{0: 13, 1: 3, 2: 4, 3: 3, 4: 2}",0
302,False,"{'a': 0.5, 'e': 0.9793545963764285}",20,0,-135.40610910788368,"{0: 10, 1: 2, 2: 5, 3: 2, 4: 1}",0
303,False,"{'a': 0.5, 'e': 0.7625486999106625}",20,0,-61.24366975068107,"{0: 13, 1: 5, 2: 1, 3: 0, 4: 1}",0
304,False,"{'a': 0.5, 'e': 0.35904428689111606}",30,2,1.87991148707284,"{0: 23, 1: 4, 2: 1, 3: 0, 4: 0}",1
305,False,"{'a': 0.5, 'e': 0.13236668966664739}",25,13,19.315512957604,"{0: 12, 1: 0, 2: 0, 3: 0, 4: 0}",1
306,False,"{'a': 0.5, 'e': 0.5913696841443247}",20,0,-2.6216230966395235,"{0: 17, 1: 2, 2: 1, 3: 0, 4: 0}",0
307,False,"{'a': 0.5, 'e': 0.9055847552047066}",20,0,-61.23381856379885,"{0: 12, 1: 2, 2: 6, 3: 0, 4: 0}",0
308,False,"{'a': 0.5, 'e': 0.9980810948185003}",20,0,-30.454486328166865,"{0: 13, 1: 4, 2: 3, 3: 0, 4: 0}",0
309,False,"{'a': 0.5, 'e': 0.8462123731256282}",20,0,-129.6885151362808,"{0: 11, 1: 3, 2: 3, 3: 1, 4: 2}",0
310,False,"{'a': 0.5, 'e': 0.48716134980334147}",25,13,10.273752936030824,"{0: 10, 1: 2, 2: 0, 3: 0, 4: 0}",1
311,False,"{'a': 0.5, 'e': 0.008836237703148543}",30,13,28.58926515009046,"{0: 17, 1: 0, 2: 0, 3: 0, 4: 0}",1
312,False,"{'a': 0.5, 'e': 0.47165229356133864}",25,12,-5.526811759662152,"{0: 9, 1: 4, 2: 0, 3: 0, 4: 0}",1
313,False,"{'a': 0.5, 'e': 0.836663893913208}",20,0,-50.380910687052555,"{0: 12, 1: 4, 2: 3, 3: 1, 4: 0}",0
314,False,"{'a': 0.5, 'e': 0.9968309933617175}",30,0,-130.77227656075138,"{0: 18, 1: 2, 2: 9, 3: 0, 4: 1}",0
315,False,"{'a': 0.5, 'e': 0.9129390999389944}",25,0,-91.5805115995294,"{0: 14, 1: 5, 2: 5, 3: 0, 4: 1}",0
316,False,"{'a': 0.5, 'e': 0.6055278749869898}",30,0,-59.112193960971695,"{0: 19, 1: 10, 2: 0, 3: 0, 4: 1}",0
317,False,"{'a': 0.5, 'e': 0.1498623077152374}",30,14,25.249237212940404,"{0: 16, 1: 0, 2: 0, 3: 0, 4: 0}",1
318,False,"{'a': 0.5, 'e': 0.34249477911590703}",20,9,-0.2125225067418024,"{0: 8, 1: 3, 2: 0, 3: 0, 4: 0}",1
319,False,"{'a': 0.5, 'e': 0.7509971990964674}",30,0,-54.39686050300323,"{0: 22, 1: 6, 2: 1, 3: 0, 4: 1}",0
320,False,"{'a': 0.5, 'e': 0.9756293127952373}",20,0,-40.03052897586773,"{0: 15, 1: 1, 2: 3, 3: 1, 4: 0}",0
321,False,"{'a': 0.5, 'e': 0.9613933444599089}",25,0,-81.2406154441171,"{0: 15, 1: 2, 2: 7, 3: 1, 4: 0}",0
322,False,"{'a': 0.5, 'e': 0.7117747556357236}",20,0,-13.5065648507408,"{0: 15, 1: 3, 2: 2, 3: 0, 4: 0}",0
323,False,"{'a': 0.5, 'e': 0.2878888826194756}",25,3,11.647232421904313,"{0: 19, 1: 2, 2: 1, 3: 0, 4: 0}",1
324,False,"{'a': 0.5, 'e': 0.2064822293378111}",25,16,16.91937647734718,"{0: 9, 1: 0, 2: 0, 3: 0, 4: 0}",1
325,False,"{'a': 0.5, 'e': 0.6502992902336991}",20,0,-33.35526061409419,"{0: 13, 1: 4, 2: 3, 3: 0, 4: 0}",0
326,False,"{'a': 0.5, 'e': 0.9349004048997503}",30,6,-21.901348790779522,"{0: 19, 1: 0, 2: 5, 3: 0, 4: 0}",1
327,False,"{'a': 0.5, 'e': 0.9906052946548402}",30,0,-168.80105609730566,"{0: 17, 1: 2, 2: 8, 3: 1, 4: 2}",0
328,False,"{'a': 0.5, 'e': 0.803775459710974}",25,0,-133.67374308897215,"{0: 14, 1: 3, 2: 6, 3: 0, 4: 2}",0
329,False,"{'a': 0.5, 'e': 0.4201533595806971}",25,4,-27.131525461594126,"{0: 14, 1: 4, 2: 3, 3: 0, 4: 0}",1
330,False,"{'a': 0.5, 'e': 0.06633693633562374}",20,12,9.957673926277426,"{0: 7, 1: 1, 2: 0, 3: 0, 4: 0}",1
331,False,"{'a': 0.5, 'e': 0.5365856366554476}",20,7,-69.9048828446415,"{0: 6, 1: 5, 2: 0, 3: 1, 4: 1}",1
332,False,"{'a': 0.5, 'e': 0.875459459043705}",20,0,-134.052804062012,"{0: 13, 1: 1, 2: 3, 3: 0, 4: 3}",0
333,False,"{'a': 0.5, 'e': 0.9999902731420214}",20,0,-44.611481795031466,"{0: 16, 1: 2, 2: 0, 3: 1, 4: 1}",0
334,False,"{'a': 0.5, 'e': 0.8796885924951523}",20,0,-46.759802558517066,"{0: 14, 1: 1, 2: 4, 3: 1, 4: 0}",0
335,False,"{'a': 0.5, 'e': 0.5440084641932424}",30,3,-58.87493657877175,"{0: 18, 1: 7, 2: 1, 3: 0, 4: 1}",1
336,False,"{'a': 0.5, 'e': 0.07513609089835323}",20,5,28.969511349908178,"{0: 15, 1: 0, 2: 0, 3: 0, 4: 0}",1
337,False,"{'a': 0.5, 'e': 0.41213221791123295}",30,4,-42.49150168542461,"{0: 19, 1: 2, 2: 4, 3: 1, 4: 0}",1
338,False,"{'a': 0.5, 'e': 0.7984961861625556}",35,0,-127.88328454670192,"{0: 23, 1: 4, 2: 4, 3: 3, 4: 1}",0
339,False,"{'a': 0.5, 'e': 0.989360439513222}",20,0,-55.88794891642629,"{0: 13, 1: 2, 2: 4, 3: 1, 4: 0}",0
340,False,"{'a': 0.5, 'e': 0.9379947521194415}",20,0,-57.359313074659184,"{0: 11, 1: 4, 2: 5, 3: 0, 4: 0}",0
341,False,"{'a': 0.5, 'e': 0.6569752356961871}",20,0,-33.62772682319504,"{0: 11, 1: 7, 2: 2, 3: 0, 4: 0}",0
342,False,"{'a': 0.5, 'e': 0.21510526876214117}",20,6,6.403749908198174,"{0: 12, 1: 1, 2: 1, 3: 0, 4: 0}",1
343,False,"{'a': 0.5, 'e': 0.2794299700233931}",20,9,11.415063015597443,"{0: 10, 1: 1, 2: 0, 3: 0, 4: 0}",1
344,False,"{'a': 0.5, 'e': 0.7055510066862999}",20,0,-27.38219861844891,"{0: 15, 1: 2, 2: 2, 3: 1, 4: 0}",0
345,False,"{'a': 0.5, 'e': 0.958928549960796}",25,0,-121.47242674092406,"{0: 16, 1: 2, 2: 5, 3: 0, 4: 2}",0
346,False,"{'a': 0.5, 'e': 0.9775269404025313}",30,0,-158.4857411990856,"{0: 16, 1: 1, 2: 11, 3: 1, 4: 1}",0
347,False,"{'a': 0.5, 'e': 0.7567926433898263}",25,13,-14.483537994963637,"{0: 8, 1: 2, 2: 2, 3: 0, 4: 0}",1
348,False,"{'a': 0.5, 'e': 0.3507691132091307}",20,12,-1.4117594704256762,"{0: 6, 1: 1, 2: 1, 3: 0, 4: 0}",1
349,False,"{'a': 0.5, 'e': 0.14113492938566014}",30,15,33.145741365472986,"{0: 15, 1: 0, 2: 0, 3: 0, 4: 0}",1
350,False,"{'a': 0.5, 'e': 0.5984842190140996}",25,0,-54.86567726416781,"{0: 17, 1: 5, 2: 2, 3: 0, 4: 1}",0
351,False,"{'a': 0.5, 'e': 0.9093036989610448}",35,0,-192.34163499597054,"{0: 23, 1: 1, 2: 6, 3: 2, 4: 3}",0
352,False,"{'a': 0.5, 'e': 0.9974939203271522}",20,0,-61.43904561081123,"{0: 12, 1: 2, 2: 6, 3: 0, 4: 0}",0
353,False,"{'a': 0.5, 'e': 0.8414628411805024}",30,0,-149.7557831280987,"{0: 22, 1: 2, 2: 2, 3: 1, 4: 3}",0
354,False,"{'a': 0.5, 'e': 0.47941231147032193}",20,1,9.68767287515611,"{0: 16, 1: 3, 2: 0, 3: 0, 4: 0}",1
355,False,"{'a': 0.5, 'e': 1.50721766814562e-05}",20,6,29.228722419602818,"{0: 14, 1: 0, 2: 0, 3: 0, 4: 0}",1
1,True,"{'a': 0, 'e': 0}",30,0,48.17959431023075,"{0: 30, 1: 0, 2: 0, 3: 0, 4: 0}",0
2,True,"{'a': 0, 'e': 0}",25,7,31.9612572065364,"{0: 18, 1: 0, 2: 0, 3: 0, 4: 0}",1
3,True,"{'a': 0, 'e': 0}",25,12,25.738406453916532,"{0: 13, 1: 0, 2: 0, 3: 0, 4: 0}",1
4,True,"{'a': 0, 'e': 0}",25,16,15.687588817666182,"{0: 9, 1: 0, 2: 0, 3: 0, 4: 0}",1
5,True,"{'a': 0, 'e': 0}",25,13,25.763134167334798,"{0: 12, 1: 0, 2: 0, 3: 0, 4: 0}",1
6,True,"{'a': 0, 'e': 0}",25,10,24.895286656703686,"{0: 15, 1: 0, 2: 0, 3: 0, 4: 0}",1
7,True,"{'a': 0, 'e': 0}",35,27,16.488767332840148,"{0: 8, 1: 0, 2: 0, 3: 0, 4: 0}",1
8,True,"{'a': 0, 'e': 0}",25,14,19.110738290301253,"{0: 11, 1: 0, 2: 0, 3: 0, 4: 0}",1
9,True,"{'a': 0, 'e': 0}",20,11,17.358628908158625,"{0: 9, 1: 0, 2: 0, 3: 0, 4: 0}",1
10,True,"{'a': 0, 'e': 0}",25,11,27.419162691854993,"{0: 14, 1: 0, 2: 0, 3: 0, 4: 0}",1
